"Election for","South Lanarkshire May 2022 - Ward 8 - East Kilbride Central North"
"Date","02 Aug 2023"
"Number to be elected",3
"Valid votes",5705
"Invalid votes",0
"Quota",1427.00000
"OpenSTV","1.7"
"Election rules","Scottish STV"
,,"Stage",2,"Stage",3,"Stage",4,"Stage",5,"Stage",6,"Stage",7
,"First","Surplus of",,"Surplus of",,"Exclusion of",,"Exclusion of",,"Exclusion of",,"Exclusion of",
"Candidates","Preferences","Grant Ferguson (SNP)",,"Joe Fagan (Lab)",,"Tom Bryson (LD)",,"Kristofer Keane (Ind)",,"Tam Mitchell (Lab)",,"Alex Brown (C)",
"Alex Brown (C)",694,+1.95656,695.95656,+15.51000,711.46656,+35.45914,746.92570,+22.90457,769.83027,+144.45914,914.28941,-914.28941,"-",
"Tom Bryson (LD)",187,+9.78280,196.78280,+12.37500,209.15780,-209.15780,"-",,"-",,"-",,"-",
"Joe Fagan (Lab)",1709,,1709.00000,-282.00000,1427.00000,,1427.00000,,1427.00000,,1427.00000,,1427.00000,"Elected"
"Grant Ferguson (SNP)",1889,-462.00000,1427.00000,,1427.00000,,1427.00000,,1427.00000,,1427.00000,,1427.00000,"Elected"
"Kristofer Keane (Ind)",194,+8.80452,202.80452,+7.59000,210.39452,+38.80328,249.19780,-249.19780,"-",,"-",,"-",
"Hugh Macdonald (SNP)",612,+415.27986,1027.27986,+16.83000,1044.10986,+24.16355,1068.27341,+72.45011,1140.72352,+113.65683,1254.38035,+131.83656,1386.21691,"Elected"
"Tam Mitchell (Lab)",420,+7.82624,427.82624,+204.43500,632.26124,+60.59828,692.85952,+56.85871,749.71823,-749.71823,"-",,"-",
"Non-transferable", ,+18.35002,18.35002,+25.26000,43.61002,+50.13355,93.74357,+96.98441,190.72798,+491.60226,682.33024,+782.45285,1464.78309,
"Totals",5705,,5705.00000,,5705.00000,,5705.00000,,5705.00000,,5705.00000,,5705.00000
