"Election for","South Lanarkshire May 2022 - Ward 17 - Hamilton North And East"
"Date","04 Aug 2023"
"Number to be elected",3
"Valid votes",4757
"Invalid votes",0
"Quota",1190.00000
"OpenSTV","1.7"
"Election rules","Scottish STV"
,,"Stage",2,"Stage",3,"Stage",4,"Stage",5,"Stage",6
,"First","Surplus of",,"Surplus of",,"Exclusion of",,"Exclusion of",,"Exclusion of",
"Candidates","Preferences","Davie McLachlan (Lab)",,"Colin Dewar (SNP)",,"Balarabe Baba (Ind)",,"Andrew Reynolds (LD)",,"Phil Sykes (SNP)",
"Balarabe Baba (Ind)",124,+26.75886,150.75886,+3.66975,154.42861,-154.42861,"-",,"-",,"-",
"Colin Dewar (SNP)",1442,,1442.00000,-252.00000,1190.00000,,1190.00000,,1190.00000,,1190.00000,"Elected"
"Martin Hose (C)",902,+63.49560,965.49560,+3.32025,968.81585,+20.61720,989.43305,+119.73671,1109.16976,+194.85489,1304.02465,"Elected"
"Davie McLachlan (Lab)",1539,-349.00000,1190.00000,,1190.00000,,1190.00000,,1190.00000,,1190.00000,"Elected"
"Andrew Reynolds (LD)",249,+99.09849,348.09849,+7.68900,355.78749,+40.27539,396.06288,-396.06288,"-",,"-",
"Phil Sykes (SNP)",501,+51.25002,552.25002,+220.70925,772.95927,+32.52076,805.48003,+70.81132,876.29135,-876.29135,"-",
"Non-transferable", ,+108.39703,108.39703,+16.61175,125.00878,+61.01526,186.02404,+205.51485,391.53889,+681.43646,1072.97535,
"Totals",4757,,4757.00000,,4757.00000,,4757.00000,,4757.00000,,4757.00000
