"Election for","Ward 13 - Fortissat"
"Date","23 Mar 2020"
"Number to be elected",4
"Valid votes",5043
"Invalid votes",0
"Quota",1009.00000
"OpenSTV","1.6.1"
"Election rules","Scottish STV"
,,"Stage",2,"Stage",3,"Stage",4,"Stage",5,"Stage",6
,"First","Surplus of",,"Surplus of",,"Exclusion of",,"Exclusion of",,"Exclusion of",
"Candidates","Preferences","Martin MCCULLOCH (Lab)",,"Tommy COCHRANE (SNP)",,"Mags MURPHY (SNP)",,"Jeffrey MCDONALD (NRMUPB)",,"Charlie CEFFERTY (Ind)",
"Charlie CEFFERTY (Ind)",509,+17.74360,526.74360,+0.46784,527.21144,+133.84200,661.05344,+93.30868,754.36212,-754.36212,"-",
"Tommy COCHRANE (SNP)",1016,,1016.00000,-7.00000,1009.00000,,1009.00000,,1009.00000,,1009.00000,"Elected"
"Martin MCCULLOCH (Lab)",1477,-468.00000,1009.00000,,1009.00000,,1009.00000,,1009.00000,,1009.00000,"Elected"
"Jeffrey MCDONALD (NRMUPB)",559,+14.89195,573.89195,+0.17888,574.07083,+17.10191,591.17274,-591.17274,"-",,"-",
"Mags MURPHY (SNP)",449,+20.27840,469.27840,+5.47648,474.75488,-474.75488,"-",,"-",,"-",
"Kenneth STEVENSON (Lab)",363,+352.02035,715.02035,+0.24080,715.26115,+90.39953,805.66068,+85.08766,890.74834,+225.82161,1116.56995,"Elected"
"Sandy THORNTON (C)",670,+7.92125,677.92125,+0.05504,677.97629,+13.15136,691.12765,+256.56920,947.69685,+173.72314,1121.41999,"Elected"
"Non-transferable", ,+55.14445,55.14445,+0.58096,55.72541,+220.26008,275.98549,+156.20720,432.19269,+354.81737,787.01006,
"Totals",5043,,5043.00000,,5043.00000,,5043.00000,,5043.00000,,5043.00000
