"Election for","Ward 18 - Motherwell North"
"Date","23 Mar 2020"
"Number to be elected",4
"Valid votes",5663
"Invalid votes",0
"Quota",1133.00000
"OpenSTV","1.6.1"
"Election rules","Scottish STV"
,,"Stage",2,"Stage",3,"Stage",4,"Stage",5,"Stage",6
,"First","Exclusion of",,"Surplus of",,"Surplus of",,"Surplus of",,"Exclusion of",
"Candidates","Preferences","Helen MCKENNA (IANL)",,"Pat O'ROURKE (Lab)",,"Shahid FAROOQ (SNP)",,"Ann WEIR (SNP)",,"Ashley BAIRD (C)",
"Ashley BAIRD (C)",908,+80.00000,988.00000,+1.40930,989.40930,+2.25060,991.65990,+1.91736,993.57726,-993.57726,"-",
"Olivia CARSON (Lab)",932,+86.00000,1018.00000,+38.71430,1056.71430,+15.72010,1072.43440,+11.77046,1084.20486,+498.27736,1582.48222,"Elected"
"Shahid FAROOQ (SNP)",1123,+50.00000,1173.00000,,1173.00000,-40.00000,1133.00000,,1133.00000,,1133.00000,"Elected"
"Helen MCKENNA (IANL)",562,-562.00000,"-",,"-",,"-",,"-",,"-",
"Pat O'ROURKE (Lab)",1041,+141.00000,1182.00000,-49.00000,1133.00000,,1133.00000,,1133.00000,,1133.00000,"Elected"
"Ann WEIR (SNP)",1097,+67.00000,1164.00000,,1164.00000,,1164.00000,-31.00000,1133.00000,,1133.00000,"Elected"
"Non-transferable", ,+138.00000,138.00000,+8.87640,146.87640,+22.02930,168.90570,+17.31218,186.21788,+495.29990,681.51778,
"Totals",5663,,5663.00000,,5663.00000,,5663.00000,,5663.00000,,5663.00000
