"Election for","Ward 14 - Huntly, Strathbogie and Howe of Alford"
"Date","27 Apr 2020"
"Number to be elected",4
"Valid votes",5673
"Invalid votes",0
"Quota",1135.00000
"OpenSTV","1.6.1"
"Election rules","Scottish STV"
,,"Stage",2,"Stage",3,"Stage",4,"Stage",5,"Stage",6
,"First","Surplus of",,"Surplus of",,"Surplus of",,"Exclusion of",,"Exclusion of",
"Candidates","Preferences","Moira INGLEBY (C)",,"John LATHAM (LD)",,"Robbie WITHEY (C)",,"Bryan Scott BEGG (Lab)",,"Kate MONAHAN (SNP)",
"Bryan Scott BEGG (Lab)",294,+69.26593,363.26593,+27.36385,390.62978,+5.42340,396.05318,-396.05318,"-",,"-",
"Moira INGLEBY (C)",1741,-606.00000,1135.00000,,1135.00000,,1135.00000,,1135.00000,,1135.00000,"Elected"
"John LATHAM (LD)",995,+217.54375,1212.54375,-77.54375,1135.00000,,1135.00000,,1135.00000,,1135.00000,"Elected"
"Kate MONAHAN (SNP)",589,+5.91719,594.91719,+6.74260,601.65979,+0.35190,602.01169,+99.59163,701.60332,-701.60332,"-",
"Gwyneth Elaine PETRIE (SNP)",895,+29.23788,924.23788,+6.30055,930.53843,+0.51750,931.05593,+62.97355,994.02948,+644.99158,1639.02106,"Elected"
"Robbie WITHEY (C)",1159,,1159.00000,,1159.00000,-24.00000,1135.00000,,1135.00000,,1135.00000,"Elected"
"Non-transferable", ,+284.03525,284.03525,+37.13675,321.17200,+17.70720,338.87920,+233.48800,572.36720,+56.61174,628.97894,
"Totals",5673,,5673.00000,,5673.00000,,5673.00000,,5673.00000,,5673.00000
