"Election for","Ward 12 - East Garioch"
"Date","27 Apr 2020"
"Number to be elected",4
"Valid votes",4559
"Invalid votes",0
"Quota",912.00000
"OpenSTV","1.6.1"
"Election rules","Scottish STV"
,,"Stage",2,"Stage",3,"Stage",4,"Stage",5,"Stage",6
,"First","Surplus of",,"Surplus of",,"Surplus of",,"Exclusion of",,"Exclusion of",
"Candidates","Preferences","Dominic LONCHAY (C)",,"Fergus HOOD (LD)",,"Martin FORD (Grn)",,"Ann THORPE (Lab)",,"Conor MCKAY (SNP)",
"Martin FORD (Grn)",850,+71.27263,921.27263,,921.27263,-9.27263,912.00000,,912.00000,,912.00000,"Elected"
"Fergus HOOD (LD)",842,+235.52529,1077.52529,-165.52529,912.00000,,912.00000,,912.00000,,912.00000,"Elected"
"Dominic LONCHAY (C)",1429,-517.00000,912.00000,,912.00000,,912.00000,,912.00000,,912.00000,"Elected"
"Conor MCKAY (SNP)",571,+6.87401,577.87401,+12.40987,590.28388,+1.59934,591.88322,+67.00236,658.88558,-658.88558,"-",
"Glen REID (SNP)",688,+7.95938,695.95938,+10.34427,706.30365,+1.37352,707.67717,+44.69964,752.37681,+608.13270,1360.50951,"Elected"
"Ann THORPE (Lab)",179,+49.56523,228.56523,+66.21519,294.78042,+2.59342,297.37384,-297.37384,"-",,"-",
"Non-transferable", ,+145.80346,145.80346,+76.55596,222.35942,+3.70635,226.06577,+185.67184,411.73761,+50.75288,462.49049,
"Totals",4559,,4559.00000,,4559.00000,,4559.00000,,4559.00000,,4559.00000
