"Election for","Ward 10 - West Garioch"
"Date","27 Apr 2020"
"Number to be elected",3
"Valid votes",4257
"Invalid votes",0
"Quota",1065.00000
"OpenSTV","1.6.1"
"Election rules","Scottish STV"
,,"Stage",2,"Stage",3,"Stage",4,"Stage",5,"Stage",6
,"First","Surplus of",,"Exclusion of",,"Surplus of",,"Exclusion of",,"Exclusion of",
"Candidates","Preferences","Sebastian LESLIE (C)",,"Peter YOUNG (Lab)",,"Hazel SMITH (LD)",,"Richard OPENSHAW (Grn)",,"Elaine MITCHELL (SNP)",
"Victoria HARPER (SNP)",840,+18.09588,858.09588,+16.23381,874.32969,+4.68751,879.01720,+100.01724,979.03444,+508.22432,1487.25876,"Elected"
"Sebastian LESLIE (C)",1809,-744.00000,1065.00000,,1065.00000,,1065.00000,,1065.00000,,1065.00000,"Elected"
"Elaine MITCHELL (SNP)",439,+11.51556,450.51556,+10.23381,460.74937,+4.90037,465.64974,+111.89005,577.53979,-577.53979,"-",
"Richard OPENSHAW (Grn)",306,+47.70732,353.70732,+47.81413,401.52145,+34.94810,436.46955,-436.46955,"-",,"-",
"Hazel SMITH (LD)",666,+345.05553,1011.05553,+144.70732,1155.76285,-90.76285,1065.00000,,1065.00000,,1065.00000,"Elected"
"Peter YOUNG (Lab)",197,+69.50463,266.50463,-266.50463,"-",,"-",,"-",,"-",
"Non-transferable", ,+252.12108,252.12108,+47.51556,299.63664,+46.22687,345.86351,+224.56226,570.42577,+69.31547,639.74124,
"Totals",4257,,4257.00000,,4257.00000,,4257.00000,,4257.00000,,4257.00000
