"Election for","Ward 6 - Falkirk North"
"Date","13 May 2020"
"Number to be elected",4
"Valid votes",6492
"Invalid votes",0
"Quota",1299.00000
"OpenSTV","1.6.1"
"Election rules","Scottish STV"
,,"Stage",2,"Stage",3,"Stage",4,"Stage",5,"Stage",6
,"First","Surplus of",,"Surplus of",,"Exclusion of",,"Surplus of",,"Exclusion of",
"Candidates","Preferences","David ALEXANDER (SNP)",,"Cecil MEIKLEJOHN (SNP)",,"Debra PICKERING (Grn)",,"Dennis GOLDIE (Lab)",,"Wendy CHANDRACHUD (C)",
"David ALEXANDER (SNP)",2326,-1027.00000,1299.00000,,1299.00000,,1299.00000,,1299.00000,,1299.00000,"Elected"
"Robert BISSETT (Lab)",841,+67.11256,908.11256,+54.29193,962.40449,+140.21331,1102.61780,+11.12730,1113.74510,+449.72672,1563.47182,"Elected"
"Wendy CHANDRACHUD (C)",916,+17.21967,933.21967,+14.91966,948.13933,+30.47372,978.61305,+0.99347,979.60652,-979.60652,"-",
"Dennis GOLDIE (Lab)",1118,+42.82841,1160.82841,+47.27352,1208.10193,+105.74004,1313.84197,-14.84197,1299.00000,,1299.00000,"Elected"
"Cecil MEIKLEJOHN (SNP)",1060,+804.90919,1864.90919,-565.90919,1299.00000,,1299.00000,,1299.00000,,1299.00000,"Elected"
"Debra PICKERING (Grn)",231,+32.23169,263.23169,+256.05195,519.28364,-519.28364,"-",,"-",,"-",
"Non-transferable", ,+62.69848,62.69848,+193.37213,256.07061,+242.85657,498.92718,+2.72120,501.64838,+529.87980,1031.52818,
"Totals",6492,,6492.00000,,6492.00000,,6492.00000,,6492.00000,,6492.00000
