"Election for","Ward 8 - Johnstone South and Elderslie"
"Date","09 May 2020"
"Number to be elected",4
"Valid votes",5538
"Invalid votes",0
"Quota",1108.00000
"OpenSTV","1.6.1"
"Election rules","Scottish STV"
,,"Stage",2,"Stage",3,"Stage",4,"Stage",5,"Stage",6,"Stage",7
,"First","Surplus of",,"Surplus of",,"Exclusion of",,"Exclusion of",,"Surplus of",,"Exclusion of",
"Candidates","Preferences","John HOOD (Lab)",,"Jacqueline CAMERON (SNP)",,"Megan TAIT (Grn)",,"John CALDWELL (Ind)",,"Alistair MACKAY (C)",,"Thomas Dempster WALLACE (Lab)",
"John CALDWELL (Ind)",495,+17.84480,512.84480,+5.50854,518.35334,+24.34724,542.70058,-542.70058,"-",,"-",,"-",
"Jacqueline CAMERON (SNP)",1392,,1392.00000,-284.00000,1108.00000,,1108.00000,,1108.00000,,1108.00000,,1108.00000,"Elected"
"John HOOD (Lab)",1448,-340.00000,1108.00000,,1108.00000,,1108.00000,,1108.00000,,1108.00000,,1108.00000,"Elected"
"Alistair MACKAY (C)",962,+16.67080,978.67080,+3.67236,982.34316,+13.40804,995.75120,+155.72526,1151.47646,-43.47646,1108.00000,,1108.00000,"Elected"
"Andy STEEL (SNP)",644,+15.73160,659.73160,+247.68028,907.41188,+65.97814,973.39002,+78.87714,1052.26716,+2.19292,1054.46008,+180.69845,1235.15853,"Elected"
"Megan TAIT (Grn)",153,+8.92240,161.92240,+9.99698,171.91938,-171.91938,"-",,"-",,"-",,"-",
"Thomas Dempster WALLACE (Lab)",444,+238.79160,682.79160,+4.48844,687.28004,+39.51208,726.79212,+141.06486,867.85698,+15.21981,883.07679,-883.07679,"-",
"Non-transferable", ,+42.03880,42.03880,+12.65340,54.69220,+28.67388,83.36608,+167.03332,250.39940,+26.06373,276.46313,+702.37834,978.84147,
"Totals",5538,,5538.00000,,5538.00000,,5538.00000,,5538.00000,,5538.00000,,5538.00000
