"Election for","Ward 15 Maryhill"
"Date","17 Apr 2020"
"Number to be elected",3
"Valid votes",5730
"Invalid votes",0
"Quota",1433.00000
"OpenSTV","1.6.1"
"Election rules","Scottish STV"
,,"Stage",2,"Stage",3,"Stage",4,"Stage",5,"Stage",6
,"First","Exclusion of",,"Surplus of",,"Exclusion of",,"Surplus of",,"Exclusion of",
"Candidates","Preferences","Alex DINGWALL (LD)",,"John LETFORD (SNP)",,"Mohammed RAZAQ (Lab)",,"Jane MORGAN (Lab)",,"Michael HERRIGAN (Grn)",
"Jane BURGE (C)",606,+40.00000,646.00000,+0.04160,646.04160,+19.00832,665.04992,+30.11970,695.16962,+48.47044,743.64006,
"Alex DINGWALL (LD)",255,-255.00000,"-",,"-",,"-",,"-",,"-",
"Michael HERRIGAN (Grn)",505,+57.00000,562.00000,+0.49920,562.49920,+23.00832,585.50752,+31.95672,617.46424,-617.46424,"-",
"John LETFORD (SNP)",1418,+21.00000,1439.00000,-6.00000,1433.00000,,1433.00000,,1433.00000,,1433.00000,"Elected"
"Jane MORGAN (Lab)",1210,+67.00000,1277.00000,+0.32864,1277.32864,+341.00832,1618.33696,-185.33696,1433.00000,,1433.00000,"Elected"
"Mohammed RAZAQ (Lab)",421,+24.00000,445.00000,+0.08736,445.08736,-445.08736,"-",,"-",,"-",
"Franny SCALLY (SNP)",1315,+13.00000,1328.00000,+4.71328,1332.71328,+27.04160,1359.75488,+28.18978,1387.94466,+370.25367,1758.19833,"Elected"
"Non-transferable", ,+33.00000,33.00000,+0.32992,33.32992,+35.02080,68.35072,+95.07076,163.42148,+198.74013,362.16161,
"Totals",5730,,5730.00000,,5730.00000,,5730.00000,,5730.00000,,5730.00000
