"Election for","Dyce/Bucksburn/Danestone Ward"
"Date","12 Apr 2020"
"Number to be elected",4
"Valid votes",6608
"Invalid votes",0
"Quota",1322.00000
"OpenSTV","1.6.1"
"Election rules","Scottish STV"
,,"Stage",2,"Stage",3,"Stage",4,"Stage",5,"Stage",6
,"First","Surplus of",,"Surplus of",,"Exclusion of",,"Exclusion of",,"Exclusion of",
"Candidates","Preferences","Avril MACKENZIE (C)",,"Neil MACGREGOR (SNP)",,"Graeme Stephen LAWRENCE (Lab)",,"Dorothy PEARCE (LD)",,"Coral DUTHIE (Ind)",
"Barney CROCKETT (Lab)",744,+62.07214,806.07214,+7.50168,813.57382,+328.02886,1141.60268,+131.80386,1273.40654,+210.38360,1483.79014,"Elected"
"Coral DUTHIE (Ind)",509,+149.17890,658.17890,+11.66928,669.84818,+39.08336,708.93154,+234.01120,942.94274,-942.94274,"-",
"Graeme Stephen LAWRENCE (Lab)",458,+46.98278,504.98278,+9.37710,514.35988,-514.35988,"-",,"-",,"-",
"Neil MACGREGOR (SNP)",1670,,1670.00000,-348.00000,1322.00000,,1322.00000,,1322.00000,,1322.00000,"Elected"
"Avril MACKENZIE (C)",2012,-690.00000,1322.00000,,1322.00000,,1322.00000,,1322.00000,,1322.00000,"Elected"
"Dorothy PEARCE (LD)",430,+184.50172,614.50172,+11.04414,625.54586,+40.67304,666.21890,-666.21890,"-",,"-",
"Gill SAMARAI (SNP)",785,+13.71760,798.71760,+288.60630,1087.32390,+28.18644,1115.51034,+61.31858,1176.82892,+141.07828,1317.90720,"Elected"
"Non-transferable", ,+233.54686,233.54686,+19.80150,253.34836,+78.38818,331.73654,+239.08526,570.82180,+591.48086,1162.30266,
"Totals",6608,,6608.00000,,6608.00000,,6608.00000,,6608.00000,,6608.00000
