"Election for","Ward 10 - Morningside"
"Date","16 Feb 2019"
"Number to be elected",4
"Valid votes",13579
"Invalid votes",0
"Quota",2716.00000
"OpenSTV","1.6.1"
"Election rules","Scottish STV"
,,"Stage",2,"Stage",3,"Stage",4,"Stage",5
,"First","Surplus of",,"Exclusion of",,"Surplus of",,"Exclusion of",
"Candidates","Preferences","Nick COOK (C)",,"Chris LAND (C)",,"Melanie MAIN (Grn)",,"Sandy HOWAT (SNP)",
"Nick COOK (C)",3010,-294.00000,2716.00000,,2716.00000,,2716.00000,,2716.00000,"Elected"
"Sandy HOWAT (SNP)",2427,+2.05107,2429.05107,+21.14874,2450.19981,+2.07358,2452.27339,-2452.27339,"-",
"Chris LAND (C)",1001,+259.02084,1260.02084,-1260.02084,"-",,"-",,"-",
"Melanie MAIN (Grn)",2629,+2.93010,2631.93010,+89.45516,2721.38526,-5.38526,2716.00000,,2716.00000,"Elected"
"Neil ROSS (LD)",2039,+15.04118,2054.04118,+454.93524,2508.97642,+1.36650,2510.34292,+966.94072,3477.28364,"Elected"
"Mandy WATT (Lab)",2473,+7.81360,2480.81360,+218.89596,2699.70956,+1.47126,2701.18082,+740.52018,3441.70100,"Elected"
"Non-transferable", ,+7.14321,7.14321,+475.58574,482.72895,+0.47392,483.20287,+744.81249,1228.01536,
"Totals",13579,,13579.00000,,13579.00000,,13579.00000,,13579.00000
