"Election for","Ward 16 - Liberton-Gilmerton"
"Date","15 Mar 2020"
"Number to be elected",4
"Valid votes",11731
"Invalid votes",0
"Quota",2347.00000
"OpenSTV","1.6.1"
"Election rules","Scottish STV"
,,"Stage",2,"Stage",3,"Stage",4,"Stage",5,"Stage",6
,"First","Surplus of",,"Surplus of",,"Exclusion of",,"Exclusion of",,"Exclusion of",
"Candidates","Preferences","Lezley Marion CAMERON (Lab)",,"Stephanie SMITH (C)",,"John NICHOL (Grn)",,"John Christopher KNOX (LD)",,"Tim POGSON (Lab)",
"Lezley Marion CAMERON (Lab)",2911,-564.00000,2347.00000,,2347.00000,,2347.00000,,2347.00000,,2347.00000,"Elected"
"Derek HOWIE (SNP)",2052,+34.67946,2086.67946,+7.22956,2093.90902,+106.44050,2200.34952,+92.49465,2292.84417,+271.94519,2564.78936,"Elected"
"John Christopher KNOX (LD)",648,+34.09824,682.09824,+112.33624,794.43448,+147.25241,941.68689,-941.68689,"-",,"-",
"Lesley MACINNES (SNP)",1913,+18.01782,1931.01782,+7.78568,1938.80350,+157.02792,2095.83142,+73.16019,2168.99161,+232.64398,2401.63559,"Elected"
"John NICHOL (Grn)",606,+11.23692,617.23692,+20.71547,637.95239,-637.95239,"-",,"-",,"-",
"Tim POGSON (Lab)",875,+420.22206,1295.22206,+81.61061,1376.83267,+134.23042,1511.06309,+370.55649,1881.61958,-1881.61958,"-",
"Stephanie SMITH (C)",2726,,2726.00000,-379.00000,2347.00000,,2347.00000,,2347.00000,,2347.00000,"Elected"
"Non-transferable", ,+45.74550,45.74550,+149.32244,195.06794,+93.00114,288.06908,+405.47556,693.54464,+1377.03041,2070.57505,
"Totals",11731,,11731.00000,,11731.00000,,11731.00000,,11731.00000,,11731.00000
