"Election for","Ward 12 - Aird and Loch Ness"
"Date","10 Apr 2020"
"Number to be elected",4
"Valid votes",5059
"Invalid votes",0
"Quota",1012.00000
"OpenSTV","1.6.1"
"Election rules","Scottish STV"
,,"Stage",2,"Stage",3,"Stage",4,"Stage",5,"Stage",6
,"First","Surplus of",,"Surplus of",,"Exclusion of",,"Exclusion of",,"Surplus of",
"Candidates","Preferences","Margaret DAVIDSON (Ind)",,"George CRUICKSHANK (C)",,"Chris BALLANCE (Grn)",,"Matt FRIESS (SNP)",,"Emma KNOX (SNP)",
"Chris BALLANCE (Grn)",388,+23.77535,411.77535,+1.72500,413.50035,-413.50035,"-",,"-",,"-",
"Helen CARMICHAEL (Ind)",625,+212.02018,837.02018,+11.54582,848.56600,+99.02742,947.59342,+13.11884,960.71226,+88.73486,1049.44712,"Elected"
"George CRUICKSHANK (C)",998,+47.27099,1045.27099,-33.27099,1012.00000,,1012.00000,,1012.00000,,1012.00000,"Elected"
"Margaret DAVIDSON (Ind)",1405,-393.00000,1012.00000,,1012.00000,,1012.00000,,1012.00000,,1012.00000,"Elected"
"Jean DAVIS (LD)",515,+43.63476,558.63476,+9.47718,568.11194,+86.37936,654.49130,+16.67826,671.16956,+43.69957,714.86913,
"Matt FRIESS (SNP)",409,+15.94347,424.94347,+0.36793,425.31140,+66.50719,491.81859,-491.81859,"-",,"-",
"Emma KNOX (SNP)",719,+15.10434,734.10434,+0.20878,734.31312,+107.75507,842.06819,+428.56058,1270.62877,-258.62877,1012.00000,"Elected"
"Non-transferable", ,+35.25091,35.25091,+9.94628,45.19719,+53.83131,99.02850,+33.46091,132.48941,+126.19434,258.68375,
"Totals",5059,,5059.00000,,5059.00000,,5059.00000,,5059.00000,,5059.00000
