"Election for","Ward 16 - Inverness Millburn"
"Date","10 Apr 2020"
"Number to be elected",3
"Valid votes",3590
"Invalid votes",0
"Quota",898.00000
"OpenSTV","1.6.1"
"Election rules","Scottish STV"
,,"Stage",2,"Stage",3,"Stage",4,"Stage",5,"Stage",6,"Stage",7
,"First","Surplus of",,"Exclusion of",,"Exclusion of",,"Exclusion of",,"Surplus of",,"Exclusion of",
"Candidates","Preferences","Jimmy GRAY (Lab)",,"Zosia FRASER (Ind)",,"Anne THOMAS (Grn)",,"John WEST (LD)",,"Isabelle MACKENZIE (C)",,"Jackie HENDRY (SNP)",
"Ian BROWN (SNP)",738,+17.31711,755.31711,+14.93606,770.25317,+48.65217,818.90534,+37.52429,856.42963,+7.89572,864.32535,+488.47471,1352.80006,"Elected"
"Zosia FRASER (Ind)",140,+18.25317,158.25317,-158.25317,"-",,"-",,"-",,"-",,"-",
"Jimmy GRAY (Lab)",1064,-166.00000,898.00000,,898.00000,,898.00000,,898.00000,,898.00000,,898.00000,"Elected"
"Jackie HENDRY (SNP)",452,+10.92070,462.92070,+9.24808,472.16878,+61.96419,534.13297,+39.34015,573.47312,+8.03616,581.50928,-581.50928,"-",
"Isabelle MACKENZIE (C)",716,+33.07412,749.07412,+43.05626,792.13038,+32.46803,824.59841,+168.41686,993.01527,-95.01527,898.00000,,898.00000,"Elected"
"Anne THOMAS (Grn)",213,+16.06903,229.06903,+26.34015,255.40918,-255.40918,"-",,"-",,"-",,"-",
"John WEST (LD)",267,+31.35801,298.35801,+31.46035,329.81836,+60.92838,390.74674,-390.74674,"-",,"-",,"-",
"Non-transferable", ,+39.00786,39.00786,+33.21227,72.22013,+51.39641,123.61654,+145.46544,269.08198,+79.08339,348.16537,+93.03457,441.19994,
"Totals",3590,,3590.00000,,3590.00000,,3590.00000,,3590.00000,,3590.00000,,3590.00000
