"Election for","Forth and Endrick"
"Date","11 Jun 2020"
"Number to be elected",3
"Valid votes",6213
"Invalid votes",0
"Quota",1554.00000
"OpenSTV","1.6.1"
"Election rules","Scottish STV"
,,"Stage",2,"Stage",3,"Stage",4,"Stage",5,"Stage",6,"Stage",7
,"First","Surplus of",,"Exclusion of",,"Exclusion of",,"Exclusion of",,"Surplus of",,"Exclusion of",
"Candidates","Preferences","Alistair BERRILL (C)",,"Michael MARTEN (Grn)",,"Richard SIMPSON (Lab)",,"Evan MCLEAN (Ind)",,"Robert DAVIES (C)",,"Ian MUIRHEAD (SNP)",
"Alistair BERRILL (C)",1651,-97.00000,1554.00000,,1554.00000,,1554.00000,,1554.00000,,1554.00000,,1554.00000,"Elected"
"Robert DAVIES (C)",1147,+87.42000,1234.42000,+21.17625,1255.59625,+99.82250,1355.41875,+241.58625,1597.00500,-43.00500,1554.00000,,1554.00000,"Elected"
"Graham LAMBIE (SNP)",1026,+1.35125,1027.35125,+90.00000,1117.35125,+48.11750,1165.46875,+91.17625,1256.64500,+3.03686,1259.68186,+1016.56450,2276.24636,"Elected"
"Michael MARTEN (Grn)",371,+0.64625,371.64625,-371.64625,"-",,"-",,"-",,"-",,"-",
"Evan MCLEAN (Ind)",630,+2.52625,632.52625,+70.17625,702.70250,+196.35250,899.05500,-899.05500,"-",,"-",,"-",
"Ian MUIRHEAD (SNP)",859,+0.94000,859.94000,+82.05875,941.99875,+89.00000,1030.99875,+212.29375,1243.29250,+3.15730,1246.44980,-1246.44980,"-",
"Richard SIMPSON (Lab)",529,+1.41000,530.41000,+72.11750,602.52750,-602.52750,"-",,"-",,"-",,"-",
"Non-transferable", ,+2.70625,2.70625,+36.11750,38.82375,+169.23500,208.05875,+353.99875,562.05750,+36.81084,598.86834,+229.88530,828.75364,
"Totals",6213,,6213.00000,,6213.00000,,6213.00000,,6213.00000,,6213.00000,,6213.00000
