"Election for","Trossachs and Teith"
"Date","11 Jun 2020"
"Number to be elected",3
"Valid votes",5314
"Invalid votes",0
"Quota",1329.00000
"OpenSTV","1.6.1"
"Election rules","Scottish STV"
,,"Stage",2,"Stage",3,"Stage",4,"Stage",5,"Stage",6,"Stage",7
,"First","Surplus of",,"Exclusion of",,"Exclusion of",,"Exclusion of",,"Surplus of",,"Exclusion of",
"Candidates","Preferences","Martin EARL (C)",,"Galen MILNE (LD)",,"Gordon COWTAN (Grn)",,"Gerry MCGARVEY (Lab)",,"Jeremy MCDONALD (C)",,"Fergus WOOD (SNP)",
"Gordon COWTAN (Grn)",286,+10.33050,296.33050,+51.37740,347.70790,-347.70790,"-",,"-",,"-",,"-",
"Martin EARL (C)",2027,-698.00000,1329.00000,,1329.00000,,1329.00000,,1329.00000,,1329.00000,,1329.00000,"Elected"
"Jeremy MCDONALD (C)",632,+578.50800,1210.50800,+40.23135,1250.73935,+35.82090,1286.56025,+91.95310,1378.51335,-49.51335,1329.00000,,1329.00000,"Elected"
"Gerry MCGARVEY (Lab)",326,+16.18445,342.18445,+49.09915,391.28360,+87.34435,478.62795,-478.62795,"-",,"-",,"-",
"Galen MILNE (LD)",177,+14.46270,191.46270,-191.46270,"-",,"-",,"-",,"-",,"-",
"Evelyn TWEED (SNP)",1090,+15.84010,1105.84010,+6.68870,1112.52880,+115.06610,1227.59490,+79.03305,1306.62795,+5.09892,1311.72687,+765.71943,2077.44630,"Elected"
"Fergus WOOD (SNP)",776,+23.41580,799.41580,+9.68870,809.10450,+41.68870,850.79320,+39.37740,890.17060,+1.50456,891.67516,-891.67516,"-",
"Non-transferable", ,+39.25845,39.25845,+34.37740,73.63585,+67.78785,141.42370,+268.26440,409.68810,+42.90987,452.59797,+125.95573,578.55370,
"Totals",5314,,5314.00000,,5314.00000,,5314.00000,,5314.00000,,5314.00000,,5314.00000
